Category,Number,Analytical,Confident,Tentative,Openness,Conscientiousness,Extraversion,Agreeableness,Emotional Range
0,0,0.409,0.056,0.663,0.715,0.647,0.467,0.393,0.212
0,1,0.689,0.942,0.159,0.562,0.505,0.128,0.284,0.258
0,2,0.903,0.0,0.957,0.548,0.308,0.497,0.518,0.365
0,3,0.338,0.559,0.126,0.39,0.659,0.822,0.69,0.078
0,4,0.314,0.19,0.903,0.588,0.3,0.626,0.469,0.289
0,5,0.712,0.913,0.096,0.477,0.411,0.551,0.478,0.238
0,6,0.052,0.941,0.209,0.677,0.628,0.863,0.724,0.045
0,7,0.773,0.068,0.201,0.576,0.629,0.166,0.399,0.208
0,8,0.425,0.165,0.885,0.197,0.436,0.948,0.942,0.354
0,9,0.445,0.534,0.39,0.328,0.491,0.768,0.685,0.032
0,10,0.929,0.237,0.943,0.606,0.133,0.639,0.395,0.49
0,11,0.494,0.846,0.17,0.539,0.431,0.711,0.492,0.595
0,12,0.0,0.0,0.0,0.79,0.757,0.412,0.392,0.107
0,13,0.297,0.0,0.326,0.711,0.82,0.328,0.488,0.028
0,14,0.279,0.124,0.43,0.347,0.612,0.818,0.732,0.038
0,15,0.551,0.0,0.937,0.806,0.468,0.461,0.273,0.322
0,16,0.0,0.0,0.0,0.623,0.77,0.553,0.534,0.13
0,17,0.0,0.0,0.0,0.928,0.694,0.064,0.004,0.384
0,18,0.907,0.0,0.957,0.542,0.305,0.504,0.532,0.365
0,19,0.248,0.0,0.687,0.347,0.92,0.842,0.886,0.124
0,20,0.155,0.0,0.237,0.128,0.153,0.984,0.903,0.036
0,21,0.526,0.216,0.46,0.246,0.422,0.82,0.677,0.084
0,22,0.411,0.484,0.865,0.472,0.379,0.423,0.52,0.501
0,23,0.235,0.597,0.573,0.537,0.636,0.657,0.439,0.147
0,24,0.483,0.948,0.617,0.386,0.477,0.706,0.671,0.251
0,25,0.628,0.0,0.476,0.724,0.841,0.118,0.273,0.114
0,26,0.514,0.466,0.333,0.637,0.63,0.357,0.314,0.257
0,27,0.721,0.0,0.793,0.47,0.232,0.689,0.442,0.341
0,28,0.211,0.903,0.807,0.493,0.449,0.733,0.484,0.274
0,29,0.618,0.0,0.836,0.064,0.404,0.854,0.911,0.17
0,30,0.39,0.644,0.505,0.287,0.448,0.892,0.833,0.253
0,31,0.378,0.723,0.215,0.467,0.859,0.711,0.652,0.034
0,32,0.267,0.069,0.295,0.165,0.25,0.909,0.843,0.088
0,33,0.992,0.0,0.95,0.254,0.069,0.908,0.677,0.631
0,34,0.208,0.114,0.523,0.584,0.394,0.75,0.687,0.346
0,35,0.579,0.648,0.831,0.252,0.395,0.786,0.767,0.599
0,36,0.329,0.421,0.781,0.075,0.304,0.975,0.933,0.175
0,37,0.189,0.0,0.938,0.778,0.781,0.109,0.264,0.34
0,38,0.275,0.363,0.466,0.32,0.64,0.815,0.593,0.038
0,39,0.309,0.966,0.0,0.551,0.59,0.786,0.142,0.48
0,40,0.44,0.729,0.824,0.354,0.599,0.816,0.691,0.055
0,41,0.426,0.0,0.848,0.271,0.449,0.81,0.784,0.047
0,42,0.222,0.53,0.647,0.381,0.334,0.753,0.347,0.545
0,43,0.301,0.768,0.503,0.292,0.316,0.807,0.63,0.592
0,44,0.726,0.583,0.972,0.685,0.143,0.376,0.322,0.678
0,45,0.335,0.061,0.363,0.368,0.887,0.388,0.804,0.605
0,46,0.369,0.0,0.956,0.419,0.366,0.855,0.67,0.101
0,47,0.306,0.014,0.759,0.517,0.731,0.377,0.545,0.258
0,48,0.22,0.84,0.33,0.555,0.533,0.666,0.435,0.168
0,49,0.245,0.792,0.0,0.356,0.604,0.458,0.657,0.146
1,0,0.306,0.223,0.153,0.201,0.614,0.94,0.894,0.06
1,1,0.371,0.0,0.211,0.772,0.815,0.613,0.454,0.022
1,2,0.239,0.135,0.09,0.468,0.893,0.543,0.632,0.098
1,3,0.234,0.0,0.584,0.641,0.75,0.562,0.35,0.071
1,4,0.188,0.718,0.093,0.751,0.802,0.648,0.347,0.071
1,5,0.466,0.629,0.399,0.878,0.742,0.359,0.158,0.12
1,6,0.142,0.184,0.023,0.871,0.798,0.52,0.34,0.131
1,7,0.315,0.315,0.894,0.543,0.753,0.587,0.532,0.192
1,8,0.579,0.648,0.758,0.705,0.353,0.469,0.356,0.35
1,9,0.468,0.553,0.023,0.556,0.628,0.777,0.463,0.148
1,10,0.258,0.0,0.284,0.842,0.679,0.373,0.194,0.17
1,11,0.083,0.123,0.305,0.482,0.945,0.747,0.704,0.029
1,12,0.683,0.332,0.71,0.34,0.59,0.88,0.736,0.046
1,13,0.314,0.19,0.126,0.827,0.611,0.432,0.281,0.274
1,14,0.315,0.0,0.477,0.8,0.687,0.29,0.167,0.262
1,15,0.321,0.0,0.525,0.591,0.849,0.519,0.706,0.099
1,16,0.151,0.16,0.105,0.309,0.889,0.776,0.785,0.029
1,17,0.396,0.937,0.27,0.633,0.496,0.56,0.319,0.25
1,18,0.126,0.0,0.0,0.578,0.952,0.553,0.485,0.032
1,19,0.572,0.0,0.753,0.293,0.943,0.828,0.823,0.021
1,20,0.096,0.967,0.098,0.803,0.853,0.504,0.5,0.16
1,21,0.003,0.474,0.094,0.922,0.871,0.34,0.17,0.109
1,22,0.273,0.0,0.301,0.457,0.405,0.849,0.58,0.057
1,23,0.55,0.212,0.558,0.411,0.426,0.699,0.634,0.175
1,24,0.671,0.0,0.893,0.265,0.17,0.834,0.618,0.31
1,25,0.168,0.18,0.399,0.509,0.651,0.806,0.51,0.118
1,26,0.432,0.0,0.0,0.634,0.616,0.833,0.484,0.378
1,27,0.516,0.53,0.573,0.501,0.462,0.752,0.494,0.272
1,28,0.521,0.06,0.535,0.452,0.511,0.731,0.474,0.274
1,29,0.101,0.863,0.923,0.414,0.292,0.615,0.376,0.604
1,30,0.519,0.0,0.0,0.58,0.615,0.574,0.258,0.311
1,31,0.301,0.052,0.826,0.174,0.453,0.936,0.882,0.03
1,32,0.519,0.0,0.0,0.58,0.615,0.574,0.258,0.311
1,33,0.294,0.103,0.377,0.413,0.587,0.838,0.851,0.211
1,34,0.494,0.0,0.0,0.587,0.617,0.528,0.252,0.313
1,35,0.519,0.0,0.0,0.58,0.615,0.574,0.258,0.311
1,36,0.519,0.0,0.0,0.58,0.615,0.574,0.258,0.311
1,37,0.151,0.397,0.506,0.326,0.8,0.809,0.663,0.047
1,38,0.795,0.0,0.929,0.435,0.326,0.49,0.379,0.689
1,39,0.679,0.308,0.305,0.501,0.463,0.848,0.752,0.3
1,40,0.0,0.0,0.084,0.641,0.832,0.628,0.559,0.059
1,41,0.608,0.662,0.847,0.565,0.66,0.536,0.502,0.224
1,42,0.074,0.0,0.0,0.775,0.863,0.254,0.289,0.036
1,43,0.328,0.0,0.355,0.924,0.855,0.042,0.068,0.27
1,44,0.341,0.849,0.458,0.833,0.438,0.424,0.182,0.534
1,45,0.445,0.278,0.694,0.626,0.489,0.558,0.447,0.143
1,46,0.603,0.0,0.223,0.371,0.653,0.484,0.659,0.115
1,47,0.035,0.363,0.009,0.598,0.917,0.8,0.719,0.019
1,48,0.481,0.5,0.783,0.64,0.936,0.334,0.396,0.216
1,49,0.099,0.266,0.039,0.574,0.782,0.66,0.261,0.177
2,0,0.35,0.0,0.635,0.053,0.219,0.98,0.892,0.154
2,1,0.52,0.192,0.892,0.282,0.198,0.853,0.648,0.151
2,2,0.565,0.0,0.0,0.373,0.452,0.923,0.707,0.088
2,3,0.252,0.0,0.691,0.591,0.613,0.847,0.653,0.023
2,4,0.851,0.0,0.739,0.537,0.168,0.856,0.656,0.121
2,5,0.225,0.0,0.0,0.339,0.511,0.933,0.747,0.089
2,6,0.205,0.863,0.923,0.466,0.512,0.582,0.328,0.454
2,7,0.201,0.0,0.491,0.421,0.388,0.657,0.51,0.21
2,8,0.117,0.416,0.293,0.409,0.811,0.789,0.604,0.037
2,9,0.762,0.64,0.906,0.163,0.219,0.932,0.81,0.356
2,10,0.374,0.435,0.917,0.314,0.464,0.718,0.827,0.496
2,11,0.865,0.0,0.0,0.904,0.239,0.601,0.277,0.627
2,12,0.659,0.644,0.167,0.342,0.596,0.832,0.736,0.499
2,13,0.386,0.416,0.53,0.229,0.451,0.799,0.785,0.155
2,14,0.0,0.0,0.0,0.304,0.758,0.873,0.81,0.025
2,15,0.0,0.0,0.822,0.654,0.949,0.475,0.532,0.082
2,16,0.182,0.97,0.806,0.462,0.802,0.389,0.569,0.322
2,17,0.695,0.349,0.814,0.485,0.187,0.571,0.406,0.578
2,18,0.139,0.776,0.063,0.665,0.872,0.56,0.371,0.036
2,19,0.076,0.589,0.137,0.232,0.56,0.957,0.765,0.015
2,20,0.687,0.057,0.727,0.305,0.333,0.813,0.679,0.259
2,21,0.389,0.367,0.616,0.486,0.427,0.844,0.684,0.095
2,22,0.151,0.647,0.953,0.525,0.811,0.664,0.67,0.191
2,23,0.305,0.0,0.65,0.763,0.647,0.436,0.221,0.216
2,24,0.265,0.21,0.85,0.158,0.211,0.83,0.632,0.319
2,25,0.38,0.549,0.666,0.71,0.316,0.839,0.678,0.306
2,26,0.287,0.0,0.868,0.788,0.858,0.399,0.353,0.206
2,27,0.141,0.371,0.064,0.526,0.904,0.782,0.634,0.041
2,28,0.601,0.732,0.943,0.478,0.265,0.872,0.801,0.375
2,29,0.091,0.0,0.937,0.424,0.684,0.585,0.813,0.497
2,30,0.64,0.969,0.375,0.191,0.515,0.892,0.82,0.384
2,31,0.105,0.0,0.375,0.565,0.361,0.771,0.791,0.11
2,32,0.409,0.337,0.618,0.242,0.08,0.928,0.575,0.578
2,33,0.933,0.726,0.964,0.144,0.046,0.914,0.868,0.522
2,34,0.142,0.375,0.262,0.484,0.671,0.774,0.71,0.119
2,35,0.357,0.192,0.916,0.425,0.207,0.924,0.607,0.249
2,36,0.071,0.918,0.0,0.304,0.64,0.896,0.773,0.055
2,37,0.023,0.5,0.103,0.393,0.943,0.82,0.729,0.028
2,38,0.0,0.539,0.118,0.446,0.953,0.654,0.698,0.013
2,39,0.284,0.589,0.236,0.556,0.543,0.838,0.559,0.206
2,40,0.0,0.0,0.104,0.599,0.815,0.484,0.516,0.024
2,41,0.0,0.0,0.0,0.31,0.857,0.683,0.352,0.01
2,42,0.46,0.961,0.905,0.166,0.756,0.859,0.911,0.211
2,43,0.886,0.0,0.505,0.228,0.539,0.958,0.905,0.17
2,44,0.656,0.052,0.644,0.356,0.32,0.822,0.673,0.533
2,45,0.827,0.819,0.826,0.443,0.254,0.912,0.716,0.117
2,46,0.259,0.903,0.0,0.098,0.626,0.943,0.864,0.017
2,47,0.199,0.323,0.605,0.716,0.533,0.404,0.208,0.285
2,48,0.643,0.165,0.728,0.138,0.579,0.87,0.914,0.129
2,49,0.033,0.599,0.144,0.647,0.732,0.418,0.213,0.442
3,0,0.744,0.0,0.916,0.204,0.307,0.955,0.916,0.234
3,1,0.743,0.0,0.53,0.48,0.33,0.546,0.258,0.148
3,2,0.084,0.435,0.013,0.812,0.839,0.462,0.257,0.082
3,3,0.45,0.281,0.195,0.79,0.775,0.554,0.529,0.038
3,4,0.376,0.0,0.457,0.325,0.831,0.776,0.822,0.044
3,5,0.701,0.0,0.244,0.345,0.577,0.926,0.91,0.019
3,6,0.139,0.0,0.095,0.7,0.763,0.657,0.432,0.059
3,7,0.162,0.671,0.296,0.563,0.748,0.581,0.513,0.089
3,8,0.18,0.068,0.201,0.267,0.682,0.932,0.818,0.012
3,9,0.203,0.0,0.614,0.265,0.663,0.791,0.849,0.069
3,10,0.301,0.18,0.842,0.576,0.438,0.746,0.49,0.27
3,11,0.498,0.251,0.514,0.398,0.812,0.682,0.417,0.074
3,12,0.106,0.167,0.635,0.447,0.801,0.686,0.714,0.025
3,13,0.596,0.21,0.028,0.337,0.73,0.608,0.311,0.463
3,14,0.515,0.597,0.143,0.127,0.566,0.953,0.958,0.029
3,15,0.896,0.439,0.553,0.128,0.644,0.934,0.965,0.099
3,16,0.245,0.64,0.381,0.485,0.534,0.734,0.704,0.079
3,17,0.048,0.692,0.555,0.502,0.687,0.744,0.746,0.102
3,18,0.124,0.0,0.836,0.535,0.841,0.844,0.889,0.017
3,19,0.488,0.0,0.648,0.205,0.48,0.879,0.858,0.036
3,20,0.404,0.522,0.112,0.307,0.872,0.79,0.839,0.028
3,21,0.0,0.595,0.0,0.505,0.968,0.339,0.717,0.15
3,22,0.44,0.909,0.46,0.441,0.295,0.9,0.562,0.12
3,23,0.116,0.0,0.122,0.745,0.643,0.605,0.455,0.125
3,24,0.38,0.81,0.523,0.328,0.682,0.802,0.781,0.069
3,25,0.103,0.0,0.106,0.338,0.567,0.924,0.691,0.008
3,26,0.203,0.0,0.956,0.235,0.232,0.773,0.913,0.578
3,27,0.487,0.313,0.592,0.545,0.538,0.775,0.489,0.201
3,28,0.105,0.164,0.0,0.256,0.758,0.96,0.92,0.013
3,29,0.457,0.0,0.838,0.366,0.47,0.762,0.582,0.116
3,30,0.124,0.439,0.553,0.486,0.666,0.443,0.547,0.26
3,31,0.0,0.265,0.038,0.757,0.895,0.379,0.313,0.07
3,32,0.186,0.0,0.394,0.372,0.876,0.828,0.769,0.054
3,33,0.698,0.089,0.77,0.243,0.564,0.812,0.841,0.077
3,34,0.282,0.37,0.363,0.396,0.921,0.695,0.841,0.028
3,35,0.617,0.0,0.783,0.423,0.346,0.606,0.535,0.233
3,36,0.39,0.011,0.659,0.503,0.39,0.689,0.5,0.269
3,37,0.503,0.953,0.723,0.53,0.554,0.529,0.602,0.329
3,38,0.34,0.208,0.289,0.186,0.591,0.95,0.901,0.038
3,39,0.159,0.667,0.525,0.386,0.936,0.94,0.911,0.005
3,40,0.742,0.879,0.694,0.486,0.528,0.691,0.573,0.162
3,41,0.282,0.618,0.309,0.628,0.884,0.572,0.619,0.048
3,42,0.526,0.48,0.097,0.679,0.64,0.449,0.364,0.076
3,43,0.446,0.772,0.81,0.397,0.601,0.794,0.756,0.076
3,44,0.039,0.0,0.755,0.97,0.599,0.214,0.131,0.443
3,45,0.824,0.0,0.622,0.566,0.453,0.671,0.741,0.098
3,46,0.265,0.778,0.399,0.545,0.544,0.646,0.565,0.174
3,47,0.088,0.0,0.088,0.534,0.843,0.518,0.452,0.059
3,48,0.106,0.0,0.196,0.674,0.686,0.698,0.527,0.068
3,49,0.39,0.644,0.755,0.463,0.497,0.677,0.549,0.095
4,0,0.217,0.03,0.584,0.426,0.693,0.749,0.789,0.055
4,1,0.149,0.921,0.805,0.249,0.577,0.908,0.858,0.097
4,2,0.116,0.415,0.71,0.609,0.589,0.255,0.36,0.432
4,3,0.124,0.332,0.53,0.302,0.835,0.639,0.817,0.115
4,4,0.131,0.764,0.059,0.901,0.9,0.618,0.347,0.034
4,5,0.052,0.072,0.722,0.177,0.504,0.725,0.83,0.178
4,6,0.294,0.534,0.534,0.562,0.667,0.414,0.473,0.143
4,7,0.06,0.115,0.012,0.695,0.564,0.374,0.132,0.286
4,8,0.283,0.351,0.059,0.247,0.81,0.686,0.839,0.266
4,9,0.229,0.0,0.473,0.339,0.538,0.81,0.676,0.082
4,10,0.097,0.0,0.017,0.403,0.88,0.618,0.62,0.075
4,11,0.494,0.846,0.17,0.238,0.665,0.696,0.773,0.551
4,12,0.319,0.589,0.739,0.191,0.556,0.897,0.88,0.115
4,13,0.178,0.011,0.465,0.541,0.78,0.495,0.594,0.106
4,14,0.002,0.251,0.011,0.867,0.664,0.241,0.075,0.373
4,15,0.087,0.0,0.316,0.807,0.936,0.491,0.325,0.052
4,16,0.157,0.85,0.096,0.666,0.649,0.436,0.472,0.121
4,17,0.168,0.569,0.04,0.346,0.691,0.752,0.718,0.099
4,18,0.225,0.611,0.47,0.268,0.763,0.875,0.851,0.096
4,19,0.398,0.0,0.273,0.206,0.57,0.951,0.849,0.037
4,20,0.671,0.44,0.734,0.542,0.62,0.408,0.465,0.309
4,21,0.037,0.915,0.158,0.313,0.754,0.898,0.796,0.089
4,22,0.271,0.922,0.367,0.591,0.754,0.433,0.515,0.281
4,23,0.544,0.154,0.494,0.518,0.822,0.181,0.566,0.563
4,24,0.038,0.0,0.0,0.214,0.792,0.763,0.919,0.149
4,25,0.018,0.755,0.087,0.239,0.871,0.677,0.794,0.091
4,26,0.1,0.775,0.062,0.497,0.807,0.467,0.492,0.115
4,27,0.016,0.016,0.126,0.772,0.965,0.295,0.496,0.046
4,28,0.21,0.016,0.581,0.287,0.783,0.881,0.922,0.038
4,29,0.204,0.221,0.36,0.643,0.908,0.33,0.484,0.071
4,30,0.794,0.746,0.618,0.364,0.141,0.943,0.476,0.156
4,31,0.377,0.885,0.754,0.451,0.369,0.348,0.521,0.582
4,32,0.239,0.71,0.09,0.319,0.606,0.866,0.788,0.105
4,33,0.357,0.764,0.89,0.627,0.649,0.583,0.498,0.313
4,34,0.754,0.609,0.904,0.421,0.487,0.652,0.738,0.159
4,35,0.1,0.957,0.04,0.099,0.729,0.896,0.961,0.109
4,36,0.613,0.08,0.89,0.828,0.576,0.302,0.274,0.229
4,37,0.311,0.055,0.834,0.445,0.583,0.849,0.823,0.088
4,38,0.328,0.0,0.25,0.614,0.647,0.443,0.231,0.113
4,39,0.069,0.012,0.031,0.677,0.96,0.435,0.545,0.048
4,40,0.321,0.926,0.178,0.047,0.803,0.981,0.986,0.009
4,41,0.387,0.642,0.643,0.368,0.906,0.739,0.796,0.015
4,42,0.109,0.068,0.289,0.392,0.646,0.561,0.7,0.073
4,43,0.188,0.0,0.644,0.713,0.464,0.185,0.123,0.575
4,44,0.4,0.247,0.338,0.417,0.742,0.359,0.636,0.152
4,45,0.526,0.82,0.8,0.069,0.197,0.938,0.916,0.229
4,46,0.201,0.0,0.872,0.461,0.449,0.709,0.716,0.243
4,47,0.54,0.933,0.55,0.074,0.523,0.95,0.965,0.09
4,48,0.021,0.057,0.347,0.647,0.868,0.541,0.513,0.135
4,49,0.129,0.06,0.268,0.298,0.858,0.924,0.887,0.03
5,0,0.485,0.502,0.878,0.201,0.162,0.974,0.862,0.213
5,1,0.464,0.0,0.481,0.133,0.436,0.97,0.96,0.139
5,2,0.596,0.0,0.385,0.595,0.543,0.425,0.614,0.31
5,3,0.544,0.0,0.0,0.378,0.751,0.861,0.717,0.082
5,4,0.52,0.389,0.855,0.134,0.041,0.986,0.885,0.366
5,5,0.582,0.788,0.797,0.336,0.466,0.97,0.876,0.043
5,6,0.089,0.237,0.906,0.255,0.203,0.979,0.936,0.045
5,7,0.294,0.837,0.745,0.425,0.281,0.976,0.786,0.281
5,8,0.856,0.751,0.841,0.193,0.376,0.838,0.8,0.164
5,9,0.156,0.165,0.239,0.062,0.773,0.97,0.949,0.007
5,10,0.798,0.816,0.916,0.024,0.04,0.986,0.93,0.286
5,11,0.054,0.0,0.817,0.045,0.062,0.996,0.991,0.076
5,12,0.322,0.936,0.818,0.188,0.342,0.973,0.915,0.208
5,13,0.141,0.914,0.935,0.51,0.08,0.98,0.861,0.363
5,14,0.402,0.699,0.474,0.257,0.216,0.968,0.863,0.23
5,15,0.482,0.745,0.837,0.103,0.221,0.988,0.948,0.124
5,16,0.8,0.603,0.602,0.066,0.211,0.982,0.926,0.027
5,17,0.452,0.325,0.319,0.329,0.645,0.839,0.747,0.069
5,18,0.415,0.202,0.842,0.305,0.408,0.957,0.912,0.074
5,19,0.096,0.915,0.346,0.2,0.504,0.987,0.974,0.046
5,20,0.842,0.788,0.797,0.075,0.195,0.959,0.939,0.21
5,21,0.215,0.95,0.278,0.378,0.603,0.933,0.753,0.117
5,22,0.683,0.131,0.319,0.442,0.728,0.596,0.647,0.08
5,23,0.175,0.696,0.902,0.222,0.271,0.698,0.541,0.485
5,24,0.827,0.421,0.893,0.299,0.349,0.499,0.521,0.436
5,25,0.039,0.0,0.167,0.039,0.359,0.981,0.926,0.032
5,26,0.825,0.0,0.25,0.332,0.399,0.608,0.713,0.062
5,27,0.182,0.614,0.656,0.176,0.261,0.959,0.786,0.273
5,28,0.0,0.0,0.0,0.234,0.989,0.707,0.892,0.023
5,29,0.589,0.095,0.842,0.095,0.399,0.962,0.957,0.086
5,30,0.778,0.149,0.348,0.56,0.553,0.629,0.529,0.06
5,31,0.536,0.275,0.367,0.326,0.529,0.856,0.582,0.186
5,32,0.637,0.0,0.712,0.131,0.276,0.941,0.779,0.15
5,33,0.311,0.0,0.447,0.24,0.537,0.926,0.815,0.026
5,34,0.109,0.527,0.642,0.18,0.776,0.98,0.936,0.037
5,35,0.34,0.508,0.791,0.067,0.455,0.991,0.97,0.018
5,36,0.145,0.87,0.266,0.221,0.563,0.895,0.849,0.23
5,37,0.617,0.0,0.0,0.399,0.736,0.945,0.762,0.018
5,38,0.38,0.022,0.405,0.508,0.522,0.588,0.436,0.27
5,39,0.052,0.0,0.814,0.334,0.174,0.877,0.411,0.261
5,40,0.895,0.0,0.618,0.04,0.223,0.995,0.989,0.113
5,41,0.606,0.0,0.949,0.294,0.23,0.957,0.727,0.095
5,42,0.45,0.772,0.825,0.095,0.15,0.983,0.892,0.284
5,43,0.488,0.0,0.836,0.102,0.277,0.93,0.855,0.08
5,44,0.0,0.0,0.264,0.031,0.992,0.956,0.985,0.006
5,45,0.638,0.345,0.763,0.433,0.36,0.647,0.658,0.533
5,46,0.173,0.763,0.679,0.256,0.203,0.908,0.499,0.523
5,47,0.39,0.957,0.903,0.044,0.26,0.982,0.913,0.072
5,48,0.337,0.0,0.788,0.383,0.445,0.924,0.669,0.157
5,49,0.63,0.0,0.479,0.309,0.562,0.566,0.677,0.156
6,0,0.652,0.157,0.814,0.362,0.375,0.954,0.871,0.065
6,1,0.009,0.301,0.209,0.885,0.64,0.156,0.063,0.33
6,2,0.458,0.819,0.414,0.627,0.73,0.64,0.563,0.136
6,3,0.148,0.0,0.0,0.955,0.745,0.626,0.135,0.184
6,4,0.762,0.0,0.817,0.675,0.357,0.543,0.219,0.517
6,5,0.598,0.146,0.346,0.691,0.592,0.798,0.362,0.156
6,6,0.616,0.551,0.124,0.553,0.527,0.621,0.469,0.223
6,7,0.598,0.663,0.037,0.739,0.227,0.506,0.206,0.709
6,8,0.582,0.846,0.953,0.462,0.129,0.626,0.333,0.68
6,9,0.409,0.965,0.755,0.587,0.561,0.304,0.372,0.496
6,10,0.386,0.814,0.891,0.064,0.238,0.953,0.895,0.203
6,11,0.537,0.0,0.405,0.344,0.353,0.975,0.847,0.312
6,12,0.815,0.484,0.824,0.31,0.359,0.953,0.825,0.086
6,13,0.787,0.118,0.413,0.309,0.499,0.88,0.882,0.181
6,14,0.544,0.44,0.841,0.894,0.452,0.248,0.083,0.276
6,15,0.172,0.126,0.084,0.528,0.534,0.925,0.621,0.089
6,16,0.665,0.651,0.76,0.416,0.407,0.567,0.45,0.381
6,17,0.088,0.0,0.032,0.814,0.771,0.3,0.079,0.336
6,18,0.685,0.885,0.729,0.637,0.438,0.461,0.533,0.515
6,19,0.258,0.403,0.885,0.406,0.639,0.547,0.49,0.043
6,20,0.544,0.829,0.734,0.336,0.63,0.872,0.541,0.101
6,21,0.116,0.0,0.0,0.539,0.878,0.684,0.658,0.108
6,22,0.0,0.953,0.0,0.039,0.885,0.993,0.986,0.118
6,23,0.712,0.0,0.914,0.914,0.079,0.379,0.101,0.776
6,24,0.039,0.921,0.877,0.834,0.835,0.523,0.364,0.146
6,25,0.159,0.0,0.13,0.781,0.632,0.537,0.236,0.178
6,26,0.347,0.38,0.43,0.833,0.738,0.496,0.498,0.177
6,27,0.683,0.453,0.745,0.572,0.158,0.811,0.463,0.635
6,28,0.145,0.381,0.266,0.187,0.478,0.89,0.844,0.47
6,29,0.564,0.236,0.746,0.208,0.189,0.973,0.915,0.065
6,30,0.096,0.967,0.346,0.443,0.339,0.908,0.486,0.027
6,31,0.895,0.158,0.503,0.462,0.359,0.8,0.596,0.191
6,32,0.935,0.868,0.375,0.163,0.222,0.941,0.677,0.293
6,33,0.337,0.158,0.503,0.529,0.509,0.853,0.559,0.167
6,34,0.184,0.94,0.0,0.537,0.928,0.533,0.407,0.042
6,35,0.386,0.416,0.712,0.8,0.659,0.506,0.449,0.325
6,36,0.249,0.195,0.688,0.517,0.392,0.89,0.545,0.074
6,37,0.267,0.816,0.43,0.326,0.65,0.812,0.692,0.475
6,38,0.096,0.852,0.77,0.052,0.648,0.984,0.952,0.012
6,39,0.096,0.603,0.059,0.877,0.73,0.223,0.242,0.381
6,40,0.416,0.448,0.739,0.432,0.537,0.828,0.53,0.104
6,41,0.81,0.069,0.713,0.609,0.316,0.593,0.372,0.383
6,42,0.409,0.103,0.675,0.62,0.443,0.527,0.296,0.381
6,43,0.407,0.0,0.836,0.967,0.374,0.143,0.113,0.729
6,44,0.97,0.0,0.882,0.255,0.084,0.952,0.896,0.653
6,45,0.432,0.907,0.772,0.785,0.118,0.61,0.151,0.736
6,46,0.726,0.934,0.195,0.65,0.61,0.824,0.479,0.204
6,47,0.05,0.706,0.485,0.817,0.615,0.711,0.259,0.187
6,48,0.577,0.949,0.472,0.629,0.607,0.622,0.525,0.324
6,49,0.209,0.084,0.439,0.607,0.754,0.712,0.456,0.076
7,0,0.151,0.397,0.278,0.671,0.602,0.933,0.592,0.04
7,1,0.562,0.894,0.956,0.275,0.106,0.909,0.776,0.465
7,2,0.338,0.685,0.789,0.178,0.304,0.953,0.883,0.036
7,3,0.231,0.965,0.022,0.781,0.615,0.829,0.427,0.128
7,4,0.911,0.608,0.946,0.613,0.488,0.673,0.616,0.472
7,5,0.44,0.094,0.719,0.483,0.739,0.845,0.761,0.063
7,6,0.369,0.176,0.861,0.096,0.353,0.94,0.832,0.051
7,7,0.38,0.849,0.341,0.186,0.453,0.956,0.855,0.013
7,8,0.922,0.549,0.953,0.53,0.468,0.51,0.558,0.559
7,9,0.361,0.953,0.387,0.034,0.508,0.965,0.918,0.066
7,10,0.901,0.589,0.943,0.606,0.543,0.529,0.585,0.51
7,11,0.064,0.768,0.0,0.282,0.677,0.772,0.48,0.039
7,12,0.619,0.723,0.64,0.632,0.583,0.523,0.533,0.189
7,13,0.131,0.759,0.058,0.386,0.866,0.868,0.803,0.022
7,14,0.135,0.0,0.663,0.442,0.499,0.958,0.901,0.097
7,15,0.496,0.959,0.281,0.323,0.387,0.916,0.733,0.214
7,16,0.341,0.239,0.792,0.472,0.454,0.663,0.501,0.251
7,17,0.196,0.0,0.6,0.329,0.783,0.808,0.782,0.027
7,18,0.121,0.739,0.13,0.334,0.893,0.922,0.84,0.017
7,19,0.078,0.813,0.903,0.492,0.583,0.619,0.488,0.365
7,20,0.109,0.293,0.905,0.168,0.311,0.904,0.843,0.165
7,21,0.202,0.549,0.55,0.78,0.418,0.314,0.098,0.33
7,22,0.145,0.825,0.547,0.649,0.753,0.525,0.46,0.289
7,23,0.611,0.0,0.983,0.675,0.356,0.117,0.295,0.715
7,24,0.413,0.141,0.727,0.653,0.312,0.489,0.207,0.453
7,25,0.373,0.544,0.399,0.67,0.406,0.694,0.372,0.46
7,26,0.719,0.726,0.645,0.602,0.829,0.495,0.649,0.139
7,27,0.335,0.37,0.606,0.614,0.637,0.391,0.39,0.234
7,28,0.541,0.751,0.578,0.592,0.761,0.497,0.575,0.113
7,29,0.182,0.0,0.674,0.523,0.507,0.612,0.504,0.069
7,30,0.46,0.876,0.905,0.198,0.327,0.876,0.786,0.274
7,31,0.073,0.0,0.07,0.832,0.637,0.249,0.199,0.16
7,32,0.231,0.845,0.934,0.173,0.291,0.971,0.886,0.266
7,33,0.301,0.158,0.714,0.667,0.398,0.388,0.298,0.21
7,34,0.253,0.971,0.343,0.122,0.2,0.91,0.813,0.641
7,35,0.095,0.622,0.156,0.446,0.682,0.809,0.687,0.065
7,36,0.0,0.608,0.147,0.34,0.181,0.972,0.753,0.137
7,37,0.357,0.98,0.905,0.406,0.233,0.602,0.347,0.672
7,38,0.354,0.0,0.639,0.672,0.555,0.703,0.354,0.225
7,39,0.645,0.838,0.697,0.318,0.727,0.936,0.907,0.018
7,40,0.199,0.108,0.808,0.785,0.601,0.302,0.202,0.366
7,41,0.838,0.921,0.499,0.115,0.166,0.763,0.762,0.782
7,42,0.673,0.49,0.224,0.462,0.511,0.811,0.428,0.38
7,43,0.454,0.699,0.799,0.494,0.41,0.761,0.472,0.363
7,44,0.271,0.0,0.918,0.212,0.248,0.923,0.927,0.325
7,45,0.357,0.414,0.678,0.497,0.727,0.636,0.674,0.116
7,46,0.203,0.331,0.0,0.891,0.632,0.363,0.222,0.255
7,47,0.0,0.0,0.13,0.54,0.648,0.537,0.786,0.077
7,48,0.544,0.692,0.797,0.495,0.901,0.737,0.599,0.086
7,49,0.081,0.0,0.298,0.257,0.593,0.939,0.894,0.023
8,0,0.645,0.951,0.926,0.275,0.417,0.897,0.69,0.228
8,1,0.793,0.546,0.663,0.223,0.529,0.974,0.942,0.024
8,2,0.22,0.239,0.033,0.295,0.804,0.967,0.958,0.025
8,3,0.841,0.0,0.793,0.205,0.363,0.911,0.919,0.277
8,4,0.908,0.0,0.95,0.335,0.334,0.879,0.806,0.16
8,5,0.902,0.0,0.956,0.289,0.492,0.821,0.892,0.139
8,6,0.0,0.0,0.0,0.094,0.957,0.979,0.971,0.002
8,7,0.182,0.938,0.386,0.148,0.534,0.98,0.954,0.014
8,8,0.394,0.087,0.445,0.289,0.598,0.898,0.8,0.133
8,9,0.458,0.145,0.733,0.28,0.43,0.956,0.859,0.189
8,10,0.79,0.744,0.968,0.252,0.074,0.931,0.853,0.441
8,11,0.763,0.546,0.78,0.348,0.429,0.908,0.788,0.274
8,12,0.796,0.0,0.583,0.664,0.893,0.508,0.585,0.159
8,13,0.309,0.0,0.627,0.392,0.434,0.932,0.881,0.136
8,14,0.783,0.132,0.883,0.165,0.376,0.918,0.899,0.088
8,15,0.55,0.765,0.715,0.353,0.756,0.844,0.795,0.088
8,16,0.295,0.0,0.0,0.44,0.679,0.889,0.557,0.037
8,17,0.712,0.363,0.466,0.433,0.49,0.669,0.479,0.431
8,18,0.369,0.0,0.43,0.576,0.825,0.71,0.667,0.183
8,19,0.416,0.954,0.562,0.347,0.564,0.954,0.92,0.239
8,20,0.908,0.0,0.866,0.647,0.434,0.573,0.481,0.56
8,21,0.762,0.19,0.562,0.396,0.553,0.892,0.86,0.483
8,22,0.514,0.412,0.289,0.721,0.638,0.537,0.237,0.244
8,23,0.537,0.549,0.666,0.409,0.534,0.839,0.507,0.12
8,24,0.39,0.323,0.739,0.421,0.517,0.862,0.648,0.303
8,25,0.963,0.654,0.575,0.221,0.425,0.918,0.879,0.199
8,26,0.225,0.536,0.769,0.134,0.626,0.948,0.935,0.213
8,27,0.205,0.0,0.755,0.36,0.514,0.866,0.75,0.467
8,28,0.0,0.0,0.0,0.126,0.095,0.864,0.101,0.018
8,29,0.794,0.982,0.838,0.008,0.495,0.99,0.989,0.058
8,30,0.235,0.667,0.347,0.298,0.755,0.884,0.837,0.118
8,31,0.231,0.033,0.258,0.38,0.668,0.812,0.656,0.108
8,32,0.678,0.231,0.399,0.487,0.212,0.919,0.581,0.438
8,33,0.643,0.103,0.872,0.187,0.499,0.826,0.852,0.346
8,34,0.655,0.0,0.305,0.557,0.835,0.704,0.515,0.045
8,35,0.112,0.772,0.394,0.47,0.531,0.535,0.351,0.512
8,36,0.514,0.0,0.642,0.283,0.226,0.923,0.76,0.049
8,37,0.493,0.802,0.134,0.571,0.858,0.778,0.599,0.058
8,38,0.936,0.297,0.907,0.426,0.266,0.772,0.555,0.508
8,39,0.258,0.085,0.7,0.21,0.553,0.902,0.905,0.279
8,40,0.445,0.278,0.192,0.544,0.622,0.793,0.564,0.043
8,41,0.302,0.138,0.33,0.327,0.735,0.782,0.779,0.212
8,42,0.699,0.0,0.678,0.305,0.472,0.702,0.75,0.461
8,43,0.019,0.0,0.324,0.585,0.607,0.34,0.729,0.135
8,44,0.158,0.0,0.075,0.789,0.936,0.669,0.38,0.118
8,45,0.471,0.634,0.633,0.578,0.74,0.635,0.452,0.127
8,46,0.33,0.048,0.485,0.335,0.586,0.895,0.755,0.05
8,47,0.441,0.0,0.583,0.471,0.617,0.737,0.683,0.134
8,48,0.045,0.0,0.0,0.414,0.967,0.717,0.808,0.026
8,49,0.452,0.696,0.0,0.57,0.536,0.82,0.632,0.248
9,0,0.767,0.894,0.877,0.503,0.319,0.909,0.736,0.154
9,1,0.097,0.261,0.038,0.52,0.756,0.731,0.668,0.026
9,2,0.252,0.801,0.506,0.328,0.588,0.848,0.869,0.527
9,3,0.681,0.0,0.477,0.325,0.783,0.885,0.876,0.044
9,4,0.203,0.912,0.47,0.294,0.466,0.938,0.806,0.104
9,5,0.222,0.124,0.306,0.553,0.663,0.941,0.774,0.017
9,6,0.375,0.912,0.685,0.383,0.454,0.934,0.778,0.208
9,7,0.815,0.906,0.554,0.347,0.334,0.916,0.855,0.122
9,8,0.199,0.0,0.458,0.591,0.734,0.592,0.579,0.068
9,9,0.029,0.789,0.267,0.729,0.968,0.394,0.454,0.105
9,10,0.175,0.624,0.902,0.495,0.799,0.458,0.594,0.238
9,11,0.416,0.203,0.701,0.592,0.337,0.638,0.384,0.072
9,12,0.338,0.323,0.223,0.207,0.265,0.948,0.85,0.054
9,13,0.943,0.0,0.89,0.787,0.68,0.647,0.395,0.119
9,14,0.459,0.484,0.695,0.343,0.593,0.892,0.824,0.049
9,15,0.287,0.113,0.23,0.568,0.783,0.867,0.628,0.026
9,16,0.396,0.737,0.918,0.047,0.042,0.981,0.918,0.452
9,17,0.183,0.749,0.666,0.538,0.443,0.759,0.6,0.211
9,18,0.225,0.363,0.356,0.64,0.806,0.669,0.51,0.1
9,19,0.532,0.486,0.347,0.484,0.672,0.837,0.743,0.102
9,20,0.481,0.0,0.937,0.842,0.402,0.363,0.267,0.266
9,21,0.246,0.022,0.15,0.676,0.818,0.603,0.495,0.061
9,22,0.582,0.474,0.094,0.214,0.431,0.952,0.898,0.143
9,23,0.016,0.812,0.0,0.738,0.93,0.666,0.584,0.065
9,24,0.205,0.966,0.074,0.711,0.934,0.426,0.621,0.092
9,25,0.496,0.691,0.751,0.254,0.501,0.761,0.658,0.285
9,26,0.071,0.0,0.0,0.323,0.863,0.904,0.891,0.027
9,27,0.294,0.0,0.854,0.337,0.388,0.872,0.659,0.107
9,28,0.634,0.625,0.736,0.335,0.443,0.782,0.799,0.127
9,29,0.629,0.16,0.366,0.13,0.444,0.913,0.879,0.16
9,30,0.628,0.062,0.546,0.457,0.516,0.842,0.819,0.074
9,31,0.328,0.492,0.0,0.059,0.816,0.968,0.946,0.019
9,32,0.021,0.0,0.0,0.445,0.946,0.754,0.82,0.024
9,33,0.387,0.117,0.585,0.248,0.531,0.902,0.869,0.087
9,34,0.382,0.315,0.822,0.637,0.454,0.567,0.511,0.526
9,35,0.957,0.0,0.87,0.158,0.101,0.931,0.73,0.196
9,36,0.018,0.435,0.084,0.34,0.894,0.859,0.877,0.039
9,37,0.259,0.903,0.701,0.197,0.928,0.189,0.708,0.488
9,38,0.048,0.98,0.565,0.687,0.78,0.716,0.472,0.056
9,39,0.333,0.0,0.876,0.684,0.623,0.465,0.338,0.248
9,40,0.271,0.879,0.394,0.55,0.623,0.93,0.793,0.113
9,41,0.169,0.433,0.189,0.697,0.855,0.493,0.494,0.221
9,42,0.798,0.211,0.797,0.265,0.262,0.916,0.812,0.131
9,43,0.173,0.0,0.313,0.561,0.86,0.417,0.386,0.28
9,44,0.607,0.84,0.545,0.425,0.424,0.835,0.749,0.158
9,45,0.73,0.221,0.769,0.379,0.192,0.822,0.7,0.273
9,46,0.101,0.778,0.863,0.523,0.618,0.744,0.617,0.167
9,47,0.762,0.0,0.0,0.46,0.442,0.794,0.544,0.102
9,48,0.649,0.459,0.324,0.302,0.692,0.74,0.66,0.205
9,49,0.101,0.026,0.104,0.777,0.931,0.363,0.343,0.049
10,0,0.91,0.154,0.873,0.509,0.304,0.541,0.685,0.313
10,1,0.22,0.358,0.146,0.467,0.785,0.811,0.657,0.027
10,2,0.903,0.784,0.92,0.593,0.489,0.496,0.44,0.296
10,3,0.208,0.0,0.523,0.291,0.679,0.844,0.698,0.058
10,4,0.29,0.481,0.597,0.635,0.44,0.334,0.146,0.533
10,5,0.096,0.0,0.219,0.605,0.631,0.603,0.481,0.146
10,6,0.013,0.0,0.473,0.581,0.865,0.546,0.628,0.046
10,7,0.842,0.0,0.797,0.724,0.509,0.959,0.549,0.022
10,8,0.396,0.426,0.347,0.273,0.833,0.91,0.876,0.048
10,9,0.483,0.433,0.798,0.226,0.483,0.787,0.596,0.199
10,10,0.738,0.74,0.356,0.259,0.164,0.842,0.75,0.587
10,11,0.2,0.0,0.224,0.386,0.849,0.895,0.744,0.056
10,12,0.471,0.603,0.917,0.441,0.318,0.684,0.56,0.223
10,13,0.094,0.247,0.0,0.543,0.905,0.822,0.586,0.021
10,14,0.64,0.38,0.16,0.571,0.732,0.426,0.301,0.283
10,15,0.203,0.184,0.552,0.524,0.666,0.514,0.399,0.248
10,16,0.687,0.899,0.209,0.236,0.55,0.913,0.913,0.025
10,17,0.019,0.0,0.0,0.519,0.901,0.026,0.582,0.022
10,18,0.255,0.023,0.697,0.204,0.735,0.825,0.862,0.237
10,19,0.59,0.791,0.268,0.536,0.8,0.731,0.523,0.092
10,20,0.159,0.097,0.153,0.48,0.87,0.369,0.333,0.383
10,21,0.202,0.109,0.072,0.812,0.681,0.428,0.285,0.148
10,22,0.071,0.0,0.102,0.797,0.673,0.034,0.141,0.32
10,23,0.349,0.308,0.305,0.684,0.549,0.605,0.294,0.149
10,24,0.271,0.778,0.719,0.511,0.816,0.264,0.349,0.515
10,25,0.707,0.566,0.745,0.146,0.301,0.873,0.835,0.198
10,26,0.133,0.0,0.917,0.712,0.62,0.335,0.193,0.556
10,27,0.141,0.623,0.41,0.529,0.835,0.645,0.656,0.206
10,28,0.257,0.0,0.413,0.409,0.876,0.328,0.63,0.251
10,29,0.407,0.197,0.907,0.427,0.421,0.574,0.397,0.345
10,30,0.563,0.365,0.942,0.646,0.509,0.346,0.339,0.305
10,31,0.458,0.703,0.289,0.056,0.386,0.958,0.965,0.134
10,32,0.39,0.863,0.153,0.243,0.568,0.818,0.76,0.104
10,33,0.168,0.958,0.275,0.791,0.677,0.568,0.236,0.154
10,34,0.143,0.884,0.74,0.521,0.602,0.623,0.541,0.22
10,35,0.151,0.019,0.379,0.518,0.59,0.627,0.408,0.14
10,36,0.162,0.416,0.964,0.396,0.187,0.714,0.349,0.452
10,37,0.37,0.596,0.058,0.666,0.628,0.746,0.548,0.07
10,38,0.013,0.365,0.254,0.293,0.373,0.088,0.558,0.186
10,39,0.116,0.074,0.006,0.616,0.528,0.641,0.434,0.198
10,40,0.0,0.382,0.0,0.828,0.909,0.161,0.065,0.269
10,41,0.11,0.0,0.296,0.677,0.742,0.368,0.393,0.233
10,42,0.199,0.604,0.028,0.816,0.52,0.293,0.281,0.294
10,43,0.487,0.0,0.592,0.455,0.772,0.773,0.685,0.053
10,44,0.347,0.692,0.486,0.587,0.549,0.495,0.493,0.362
10,45,0.437,0.0,0.644,0.252,0.455,0.875,0.745,0.055
10,46,0.655,0.123,0.788,0.44,0.403,0.809,0.651,0.369
10,47,0.269,0.158,0.232,0.9,0.732,0.303,0.229,0.202
10,48,0.253,0.234,0.847,0.718,0.634,0.564,0.519,0.039
10,49,0.342,0.063,0.108,0.098,0.58,0.963,0.931,0.029
11,0,0.578,0.466,0.583,0.243,0.341,0.95,0.923,0.076
11,1,0.104,0.018,0.697,0.405,0.568,0.113,0.647,0.252
11,2,0.745,0.335,0.837,0.067,0.052,0.986,0.942,0.123
11,3,0.267,0.557,0.777,0.238,0.413,0.929,0.926,0.104
11,4,0.848,0.0,0.598,0.367,0.272,0.889,0.714,0.124
11,5,0.122,0.274,0.544,0.434,0.625,0.776,0.592,0.128
11,6,0.483,0.224,0.575,0.394,0.411,0.823,0.652,0.328
11,7,0.245,0.0,0.876,0.455,0.236,0.734,0.739,0.552
11,8,0.661,0.146,0.916,0.469,0.164,0.943,0.885,0.089
11,9,0.155,0.251,0.339,0.537,0.53,0.09,0.481,0.222
11,10,0.262,0.719,0.629,0.412,0.432,0.903,0.711,0.104
11,11,0.214,0.234,0.633,0.299,0.253,0.887,0.793,0.217
11,12,0.06,0.016,0.124,0.453,0.53,0.239,0.683,0.122
11,13,0.575,0.138,0.887,0.171,0.26,0.972,0.932,0.039
11,14,0.474,0.559,0.269,0.401,0.552,0.758,0.575,0.315
11,15,0.341,0.784,0.792,0.086,0.431,0.967,0.984,0.318
11,16,0.006,0.814,0.292,0.484,0.761,0.687,0.763,0.234
11,17,0.23,0.0,0.895,0.182,0.422,0.935,0.932,0.089
11,18,0.494,0.924,0.762,0.178,0.101,0.947,0.924,0.213
11,19,0.0,0.0,0.596,0.067,0.339,0.983,0.983,0.022
11,20,0.264,0.0,0.914,0.23,0.255,0.921,0.926,0.326
11,21,0.253,0.0,0.857,0.046,0.042,0.988,0.978,0.053
11,22,0.199,0.945,0.605,0.405,0.488,0.84,0.762,0.247
11,23,0.264,0.0,0.89,0.392,0.221,0.742,0.75,0.557
11,24,0.225,0.247,0.762,0.209,0.208,0.969,0.904,0.069
11,25,0.146,0.635,0.635,0.362,0.212,0.908,0.824,0.279
11,26,0.615,0.768,0.503,0.3,0.405,0.787,0.617,0.336
11,27,0.356,0.389,0.627,0.618,0.412,0.571,0.629,0.357
11,28,0.734,0.19,0.727,0.227,0.13,0.953,0.891,0.159
11,29,0.396,0.325,0.745,0.203,0.116,0.925,0.894,0.465
11,30,0.029,0.553,0.41,0.372,0.484,0.845,0.515,0.168
11,31,0.422,0.0,0.797,0.261,0.223,0.911,0.858,0.069
11,32,0.161,0.008,0.18,0.468,0.523,0.055,0.642,0.2
11,33,0.033,0.961,0.713,0.176,0.301,0.945,0.897,0.328
11,34,0.157,0.0,0.519,0.269,0.639,0.725,0.889,0.034
11,35,0.422,0.591,0.93,0.278,0.146,0.938,0.933,0.117
11,36,0.721,0.401,0.694,0.43,0.5,0.878,0.852,0.194
11,37,0.152,0.648,0.334,0.444,0.745,0.891,0.739,0.042
11,38,0.113,0.954,0.121,0.361,0.766,0.97,0.966,0.048
11,39,0.177,0.049,0.399,0.09,0.251,0.975,0.961,0.205
11,40,0.309,0.0,0.338,0.171,0.095,0.98,0.926,0.222
11,41,0.362,0.739,0.554,0.314,0.388,0.931,0.824,0.218
11,42,0.33,0.93,0.357,0.203,0.666,0.964,0.894,0.053
11,43,0.232,0.0,0.803,0.358,0.382,0.802,0.882,0.343
11,44,0.357,0.252,0.659,0.287,0.303,0.948,0.853,0.134
11,45,0.055,0.0,0.596,0.592,0.818,0.436,0.609,0.108
11,46,0.094,0.846,0.91,0.265,0.322,0.7,0.656,0.362
11,47,0.214,0.95,0.872,0.3,0.653,0.811,0.819,0.136
11,48,0.711,0.872,0.886,0.44,0.11,0.767,0.385,0.491
11,49,0.215,0.951,0.635,0.058,0.289,0.945,0.943,0.572
12,0,0.679,0.13,0.913,0.176,0.274,0.911,0.873,0.233
12,1,0.416,0.0,0.513,0.452,0.645,0.711,0.736,0.034
12,2,0.891,0.402,0.697,0.33,0.491,0.863,0.845,0.199
12,3,0.649,0.289,0.801,0.317,0.164,0.927,0.737,0.174
12,4,0.192,0.849,0.926,0.171,0.305,0.972,0.887,0.253
12,5,0.203,0.0,0.395,0.351,0.827,0.83,0.784,0.029
12,6,0.505,0.407,0.287,0.361,0.69,0.68,0.806,0.139
12,7,0.541,0.716,0.63,0.205,0.445,0.922,0.901,0.12
12,8,0.557,0.7,0.801,0.393,0.216,0.735,0.676,0.368
12,9,0.494,0.983,0.513,0.543,0.661,0.658,0.338,0.327
12,10,0.142,0.624,0.412,0.524,0.835,0.646,0.658,0.205
12,11,0.252,0.801,0.0,0.57,0.296,0.665,0.509,0.489
12,12,0.437,0.0,0.246,0.328,0.415,0.843,0.669,0.129
12,13,0.471,0.0,0.319,0.399,0.839,0.763,0.85,0.045
12,14,0.456,0.48,0.768,0.482,0.501,0.515,0.363,0.269
12,15,0.946,0.041,0.913,0.356,0.229,0.76,0.59,0.203
12,16,0.7,0.636,0.379,0.253,0.592,0.842,0.916,0.325
12,17,0.708,0.682,0.869,0.117,0.454,0.953,0.926,0.024
12,18,0.384,0.0,0.125,0.741,0.639,0.434,0.281,0.099
12,19,0.871,0.0,0.87,0.082,0.099,0.966,0.922,0.516
12,20,0.372,0.0,0.284,0.633,0.728,0.543,0.382,0.255
12,21,0.734,0.13,0.846,0.321,0.382,0.776,0.692,0.136
12,22,0.117,0.185,0.824,0.519,0.364,0.525,0.205,0.33
12,23,0.736,0.29,0.706,0.154,0.204,0.932,0.76,0.091
12,24,0.859,0.0,0.573,0.228,0.237,0.82,0.651,0.228
12,25,0.286,0.865,0.581,0.396,0.534,0.84,0.655,0.226
12,26,0.702,0.105,0.682,0.437,0.435,0.689,0.558,0.333
12,27,0.139,0.723,0.215,0.346,0.57,0.783,0.72,0.105
12,28,0.485,0.948,0.958,0.276,0.288,0.772,0.488,0.146
12,29,0.068,0.618,0.155,0.66,0.647,0.517,0.291,0.201
12,30,0.969,0.528,0.868,0.123,0.092,0.935,0.784,0.374
12,31,0.286,0.915,0.479,0.337,0.863,0.685,0.847,0.341
12,32,0.124,0.802,0.581,0.293,0.942,0.322,0.854,0.269
12,33,0.457,0.48,0.477,0.125,0.753,0.878,0.949,0.029
12,34,0.616,0.551,0.407,0.155,0.433,0.918,0.745,0.047
12,35,0.361,0.616,0.153,0.606,0.615,0.561,0.378,0.201
12,36,0.235,0.784,0.438,0.753,0.47,0.25,0.286,0.265
12,37,0.851,0.146,0.824,0.114,0.301,0.936,0.923,0.123
12,38,0.464,0.0,0.481,0.527,0.367,0.847,0.702,0.258
12,39,0.505,0.407,0.521,0.395,0.833,0.568,0.806,0.077
12,40,0.402,0.0,0.562,0.213,0.687,0.808,0.814,0.139
12,41,0.567,0.709,0.204,0.261,0.536,0.905,0.628,0.113
12,42,0.488,0.0,0.88,0.679,0.868,0.555,0.266,0.08
12,43,0.401,0.0,0.0,0.447,0.763,0.726,0.609,0.173
12,44,0.485,0.502,0.923,0.281,0.191,0.953,0.904,0.227
12,45,0.724,0.647,0.233,0.183,0.372,0.902,0.879,0.347
12,46,0.681,0.865,0.579,0.274,0.42,0.857,0.821,0.14
12,47,0.886,0.0,0.802,0.514,0.443,0.523,0.532,0.371
12,48,0.544,0.0,0.927,0.486,0.843,0.499,0.642,0.223
12,49,0.702,0.676,0.719,0.487,0.476,0.883,0.779,0.271
13,0,0.614,0.03,0.243,0.372,0.65,0.86,0.747,0.11
13,1,0.416,0.189,0.466,0.436,0.541,0.5,0.647,0.475
13,2,0.333,0.0,0.453,0.244,0.824,0.906,0.891,0.013
13,3,0.137,0.611,0.399,0.523,0.827,0.649,0.651,0.202
13,4,0.705,0.214,0.605,0.089,0.434,0.888,0.85,0.612
13,5,0.475,0.19,0.563,0.272,0.589,0.77,0.754,0.339
13,6,0.245,0.61,0.585,0.417,0.802,0.653,0.589,0.383
13,7,0.781,0.0,0.0,0.096,0.341,0.963,0.903,0.056
13,8,0.383,0.084,0.662,0.438,0.39,0.496,0.401,0.529
13,9,0.529,0.009,0.441,0.334,0.743,0.793,0.823,0.078
13,10,0.142,0.623,0.156,0.374,0.594,0.781,0.644,0.165
13,11,0.662,0.947,0.611,0.179,0.239,0.837,0.804,0.194
13,12,0.337,0.41,0.705,0.341,0.561,0.869,0.656,0.253
13,13,0.058,0.0,0.227,0.116,0.923,0.976,0.903,0.009
13,14,0.301,0.391,0.33,0.252,0.675,0.842,0.781,0.218
13,15,0.369,0.157,0.361,0.594,0.629,0.539,0.402,0.439
13,16,0.297,0.838,0.851,0.243,0.768,0.903,0.849,0.043
13,17,0.496,0.027,0.372,0.181,0.802,0.779,0.811,0.106
13,18,0.142,0.624,0.412,0.529,0.835,0.646,0.653,0.205
13,19,0.152,0.075,0.405,0.164,0.829,0.981,0.961,0.044
13,20,0.493,0.109,0.071,0.208,0.414,0.971,0.907,0.234
13,21,0.341,0.414,0.369,0.326,0.54,0.725,0.639,0.308
13,22,0.279,0.387,0.682,0.435,0.662,0.779,0.749,0.251
13,23,0.645,0.044,0.666,0.473,0.5,0.729,0.67,0.349
13,24,0.708,0.474,0.587,0.23,0.567,0.87,0.818,0.431
13,25,0.185,0.517,0.057,0.546,0.773,0.875,0.742,0.146
13,26,0.162,0.21,0.371,0.345,0.746,0.769,0.723,0.101
13,27,0.482,0.0,0.752,0.213,0.594,0.897,0.877,0.519
13,28,0.496,0.831,0.007,0.369,0.655,0.822,0.643,0.212
13,29,0.45,0.474,0.762,0.143,0.773,0.961,0.909,0.009
13,30,0.736,0.831,0.464,0.315,0.267,0.822,0.674,0.765
13,31,0.229,0.251,0.34,0.366,0.81,0.682,0.724,0.354
13,32,0.944,0.069,0.647,0.267,0.449,0.797,0.771,0.157
13,33,0.077,0.41,0.405,0.311,0.766,0.774,0.74,0.264
13,34,0.273,0.0,0.234,0.624,0.821,0.807,0.493,0.178
13,35,0.0,0.663,0.0,0.359,0.983,0.925,0.988,0.007
13,36,0.685,0.074,0.666,0.351,0.289,0.507,0.492,0.64
13,37,0.605,0.0,0.775,0.317,0.505,0.931,0.773,0.424
13,38,0.232,0.41,0.346,0.291,0.385,0.886,0.562,0.524
13,39,0.464,0.69,0.91,0.345,0.353,0.716,0.459,0.672
13,40,0.23,0.0,0.418,0.433,0.276,0.82,0.55,0.479
13,41,0.294,0.174,0.534,0.374,0.656,0.814,0.612,0.094
13,42,0.544,0.007,0.634,0.337,0.552,0.773,0.74,0.23
13,43,0.316,0.21,0.097,0.37,0.494,0.621,0.495,0.582
13,44,0.413,0.311,0.274,0.373,0.817,0.91,0.807,0.256
13,45,0.471,0.187,0.764,0.301,0.672,0.701,0.833,0.051
13,46,0.451,0.539,0.47,0.495,0.729,0.789,0.654,0.279
13,47,0.0,0.0,0.355,0.792,0.941,0.904,0.821,0.024
13,48,0.261,0.29,0.014,0.421,0.817,0.507,0.565,0.251
13,49,0.151,0.0,0.0,0.172,0.603,0.921,0.736,0.018
14,0,0.411,0.0,0.135,0.065,0.094,0.975,0.867,0.059
14,1,0.39,0.628,0.739,0.502,0.408,0.501,0.336,0.483
14,2,0.202,0.61,0.722,0.874,0.788,0.319,0.236,0.437
14,3,0.045,0.43,0.188,0.816,0.891,0.676,0.449,0.063
14,4,0.099,0.0,0.986,0.252,0.54,0.351,0.703,0.444
14,5,0.0,0.0,0.899,0.832,0.994,0.437,0.704,0.003
14,6,0.968,0.969,0.959,0.159,0.023,0.194,0.166,0.967
14,7,0.164,0.582,0.536,0.534,0.564,0.857,0.642,0.206
14,8,0.23,0.618,0.83,0.56,0.341,0.564,0.343,0.561
14,9,0.286,0.318,0.219,0.259,0.545,0.958,0.875,0.124
14,10,0.403,0.0,0.834,0.351,0.55,0.756,0.784,0.216
14,11,0.131,0.816,0.0,0.664,0.805,0.8,0.62,0.132
14,12,0.213,0.517,0.846,0.422,0.544,0.711,0.582,0.139
14,13,0.347,0.0,0.926,0.53,0.83,0.778,0.804,0.034
14,14,0.062,0.0,0.694,0.512,0.793,0.775,0.682,0.058
14,15,0.02,0.345,0.287,0.318,0.783,0.906,0.794,0.063
14,16,0.728,0.832,0.736,0.171,0.336,0.834,0.843,0.574
14,17,0.088,0.0,0.633,0.892,0.448,0.508,0.157,0.293
14,18,0.332,0.202,0.36,0.451,0.854,0.715,0.636,0.107
14,19,0.069,0.371,0.935,0.453,0.256,0.663,0.591,0.704
14,20,0.455,0.37,0.731,0.455,0.774,0.54,0.791,0.124
14,21,0.164,0.338,0.332,0.354,0.682,0.833,0.712,0.092
14,22,0.23,0.419,0.028,0.591,0.897,0.713,0.579,0.068
14,23,0.094,0.0,0.338,0.7,0.769,0.36,0.287,0.253
14,24,0.64,0.63,0.486,0.159,0.883,0.887,0.908,0.065
14,25,0.332,0.021,0.716,0.542,0.854,0.492,0.71,0.122
14,26,0.594,0.121,0.13,0.184,0.476,0.98,0.945,0.018
14,27,0.617,0.5,0.783,0.344,0.494,0.814,0.797,0.245
14,28,0.097,0.261,0.35,0.241,0.664,0.776,0.707,0.367
14,29,0.138,0.912,0.861,0.461,0.222,0.289,0.196,0.769
14,30,0.671,0.953,0.975,0.227,0.237,0.58,0.537,0.642
14,31,0.664,0.148,0.868,0.108,0.873,0.895,0.96,0.024
14,32,0.325,0.117,0.712,0.372,0.728,0.781,0.757,0.137
14,33,0.982,0.974,0.861,0.149,0.459,0.126,0.665,0.737
14,34,0.17,0.0,0.43,0.666,0.415,0.739,0.449,0.278
14,35,0.189,0.0,0.587,0.089,0.794,0.956,0.86,0.005
14,36,0.871,0.546,0.26,0.221,0.462,0.818,0.755,0.324
14,37,0.214,0.856,0.505,0.259,0.49,0.878,0.851,0.369
14,38,0.189,0.0,0.399,0.487,0.823,0.716,0.622,0.089
14,39,0.33,0.675,0.184,0.571,0.782,0.646,0.402,0.114
14,40,0.126,0.0,0.7,0.677,0.245,0.553,0.155,0.711
14,41,0.175,0.092,0.246,0.693,0.179,0.721,0.179,0.469
14,42,0.592,0.0,0.975,0.516,0.054,0.504,0.256,0.862
14,43,0.315,0.44,0.555,0.446,0.936,0.706,0.76,0.065
14,44,0.302,0.0,0.167,0.297,0.666,0.8,0.671,0.092
14,45,0.085,0.0,0.313,0.533,0.803,0.623,0.673,0.018
14,46,0.23,0.544,0.544,0.436,0.553,0.87,0.725,0.159
14,47,0.452,0.647,0.674,0.335,0.639,0.845,0.725,0.196
14,48,0.071,0.021,0.269,0.658,0.889,0.763,0.595,0.05
14,49,0.03,0.566,0.42,0.426,0.81,0.769,0.495,0.147
15,0,0.503,0.807,0.0,0.181,0.476,0.912,0.754,0.168
15,1,0.431,0.061,0.821,0.57,0.266,0.488,0.212,0.426
15,2,0.347,0.969,0.953,0.366,0.516,0.908,0.773,0.051
15,3,0.286,0.227,0.832,0.68,0.445,0.43,0.187,0.359
15,4,0.0,0.74,0.611,0.49,0.575,0.529,0.287,0.183
15,5,0.144,0.917,0.655,0.503,0.461,0.661,0.42,0.193
15,6,0.85,0.922,0.758,0.199,0.141,0.899,0.906,0.135
15,7,0.886,0.0,0.983,0.628,0.307,0.497,0.288,0.624
15,8,0.671,0.502,0.788,0.312,0.396,0.84,0.652,0.127
15,9,0.306,0.14,0.53,0.39,0.732,0.605,0.479,0.054
15,10,0.348,0.445,0.902,0.145,0.445,0.927,0.859,0.081
15,11,0.365,0.3,0.578,0.499,0.639,0.794,0.549,0.04
15,12,0.271,0.667,0.18,0.329,0.734,0.842,0.614,0.028
15,13,0.294,0.103,0.266,0.53,0.437,0.844,0.449,0.113
15,14,0.886,0.26,0.775,0.617,0.262,0.571,0.268,0.304
15,15,0.358,0.0,0.502,0.807,0.749,0.409,0.291,0.057
15,16,0.0,0.99,0.0,0.263,0.78,0.931,0.701,0.026
15,17,0.416,0.834,0.739,0.306,0.456,0.828,0.591,0.076
15,18,0.101,0.863,0.0,0.658,0.933,0.724,0.504,0.013
15,19,0.672,0.303,0.923,0.586,0.292,0.585,0.384,0.322
15,20,0.603,0.214,0.935,0.717,0.49,0.362,0.121,0.227
15,21,0.157,0.252,0.342,0.73,0.616,0.478,0.313,0.289
15,22,0.18,0.704,0.762,0.673,0.657,0.57,0.369,0.136
15,23,0.726,0.751,0.894,0.251,0.284,0.831,0.733,0.168
15,24,0.471,0.012,0.745,0.507,0.499,0.504,0.408,0.305
15,25,0.129,0.837,0.2,0.47,0.603,0.797,0.441,0.039
15,26,0.359,0.706,0.806,0.587,0.366,0.519,0.111,0.422
15,27,0.21,0.625,0.315,0.474,0.657,0.849,0.618,0.022
15,28,0.607,0.922,0.953,0.348,0.167,0.889,0.573,0.285
15,29,0.033,0.0,0.448,0.453,0.795,0.948,0.663,0.017
15,30,0.516,0.851,0.83,0.761,0.372,0.242,0.158,0.643
15,31,0.289,0.255,0.797,0.801,0.255,0.406,0.096,0.44
15,32,0.0,0.0,0.951,0.141,0.953,0.408,0.47,0.219
15,33,0.151,0.0,0.167,0.276,0.826,0.929,0.683,0.013
15,34,0.29,0.629,0.74,0.514,0.468,0.743,0.354,0.091
15,35,0.396,0.079,0.224,0.475,0.741,0.706,0.566,0.08
15,36,0.38,0.206,0.652,0.419,0.626,0.65,0.533,0.083
15,37,0.349,0.696,0.798,0.309,0.769,0.893,0.743,0.032
15,38,0.31,0.344,0.338,0.301,0.59,0.869,0.599,0.024
15,39,0.165,0.367,0.325,0.542,0.539,0.536,0.284,0.223
15,40,0.219,0.022,0.405,0.58,0.565,0.662,0.443,0.103
15,41,0.542,0.0,0.759,0.485,0.49,0.733,0.295,0.06
15,42,0.611,0.91,0.857,0.455,0.579,0.715,0.524,0.07
15,43,0.227,0.032,0.655,0.517,0.655,0.638,0.516,0.086
15,44,0.943,0.0,0.642,0.127,0.515,0.874,0.611,0.018
15,45,0.371,0.0,0.902,0.704,0.466,0.326,0.298,0.155
15,46,0.871,0.792,0.613,0.144,0.111,0.887,0.667,0.311
15,47,0.45,0.611,0.0,0.114,0.761,0.95,0.903,0.019
15,48,0.165,0.862,0.0,0.343,0.625,0.918,0.692,0.066
15,49,0.349,0.871,0.798,0.293,0.512,0.739,0.774,0.531
16,0,0.59,0.382,0.951,0.132,0.503,0.866,0.942,0.06
16,1,0.121,0.823,0.486,0.585,0.806,0.54,0.546,0.224
16,2,0.241,0.06,0.678,0.431,0.746,0.653,0.763,0.107
16,3,0.878,0.0,0.942,0.393,0.344,0.843,0.769,0.23
16,4,0.201,0.0,0.355,0.24,0.324,0.885,0.625,0.568
16,5,0.554,0.559,0.937,0.123,0.454,0.905,0.973,0.032
16,6,0.325,0.455,0.201,0.408,0.525,0.879,0.64,0.133
16,7,0.294,0.0,0.792,0.444,0.658,0.704,0.851,0.083
16,8,0.328,0.265,0.446,0.685,0.885,0.463,0.346,0.119
16,9,0.8,0.0,0.91,0.029,0.237,0.958,0.97,0.088
16,10,0.762,0.772,0.652,0.206,0.276,0.972,0.922,0.06
16,11,0.247,0.079,0.524,0.744,0.768,0.383,0.25,0.269
16,12,0.182,0.0,0.573,0.088,0.448,0.973,0.961,0.035
16,13,0.907,0.907,0.851,0.301,0.04,0.735,0.507,0.692
16,14,0.572,0.642,0.643,0.341,0.41,0.933,0.836,0.049
16,15,0.304,0.55,0.929,0.243,0.492,0.798,0.823,0.141
16,16,0.329,0.154,0.873,0.422,0.364,0.809,0.767,0.27
16,17,0.644,0.0,0.91,0.489,0.375,0.654,0.405,0.196
16,18,0.865,0.0,0.857,0.261,0.168,0.863,0.814,0.517
16,19,0.094,0.846,0.0,0.672,0.786,0.337,0.285,0.246
16,20,0.245,0.387,0.499,0.465,0.46,0.783,0.819,0.424
16,21,0.38,0.0,0.964,0.29,0.211,0.651,0.871,0.54
16,22,0.122,0.938,0.131,0.446,0.672,0.783,0.492,0.06
16,23,0.099,0.675,0.357,0.131,0.903,0.977,0.96,0.012
16,24,0.842,0.95,0.63,0.094,0.107,0.965,0.776,0.68
16,25,0.084,0.827,0.55,0.298,0.369,0.931,0.897,0.259
16,26,0.267,0.0,0.028,0.784,0.559,0.522,0.25,0.243
16,27,0.567,0.163,0.882,0.317,0.382,0.915,0.807,0.228
16,28,0.621,0.405,0.767,0.167,0.17,0.941,0.896,0.203
16,29,0.09,0.781,0.26,0.749,0.869,0.407,0.458,0.191
16,30,0.553,0.412,0.933,0.348,0.401,0.714,0.745,0.226
16,31,0.0,0.0,0.975,0.418,0.915,0.327,0.627,0.702
16,32,0.297,0.938,0.324,0.285,0.69,0.887,0.787,0.101
16,33,0.015,0.0,0.805,0.086,0.921,0.972,0.989,0.011
16,34,0.295,0.0,0.494,0.629,0.688,0.614,0.316,0.123
16,35,0.712,0.363,0.356,0.148,0.316,0.946,0.881,0.059
16,36,0.304,0.549,0.0,0.304,0.737,0.618,0.871,0.24
16,37,0.031,0.082,0.802,0.364,0.775,0.738,0.772,0.059
16,38,0.634,0.0,0.158,0.509,0.732,0.644,0.611,0.046
16,39,0.214,0.0,0.765,0.48,0.63,0.439,0.365,0.378
16,40,0.109,0.527,0.114,0.433,0.869,0.854,0.642,0.026
16,41,0.235,0.459,0.204,0.473,0.579,0.607,0.464,0.198
16,42,0.72,0.0,0.021,0.384,0.339,0.8,0.647,0.303
16,43,0.4,0.654,0.036,0.281,0.112,0.964,0.862,0.13
16,44,0.28,0.725,0.935,0.272,0.353,0.773,0.928,0.365
16,45,0.68,0.0,0.987,0.25,0.624,0.596,0.938,0.349
16,46,0.464,0.0,0.868,0.084,0.578,0.79,0.917,0.861
16,47,0.69,0.917,0.066,0.13,0.066,0.961,0.824,0.453
16,48,0.113,0.307,0.584,0.562,0.582,0.658,0.506,0.136
16,49,0.055,0.146,0.346,0.563,0.761,0.217,0.183,0.264
17,0,0.74,0.143,0.92,0.72,0.323,0.352,0.415,0.471
17,1,0.289,0.088,0.55,0.606,0.827,0.522,0.51,0.153
17,2,0.944,0.929,0.824,0.615,0.5,0.52,0.363,0.56
17,3,0.568,0.737,0.83,0.386,0.571,0.826,0.792,0.141
17,4,0.64,0.0,0.63,0.481,0.62,0.502,0.617,0.531
17,5,0.31,0.068,0.202,0.715,0.637,0.711,0.564,0.157
17,6,0.541,0.0,0.731,0.42,0.507,0.605,0.741,0.294
17,7,0.532,0.274,0.597,0.491,0.546,0.765,0.726,0.218
17,8,0.483,0.527,0.444,0.337,0.589,0.345,0.669,0.548
17,9,0.454,0.711,0.417,0.252,0.338,0.881,0.898,0.115
17,10,0.561,0.112,0.036,0.402,0.632,0.58,0.711,0.296
17,11,0.081,0.0,0.605,0.328,0.614,0.707,0.705,0.306
17,12,0.628,0.746,0.694,0.747,0.423,0.37,0.287,0.551
17,13,0.451,0.848,0.802,0.643,0.737,0.28,0.52,0.339
17,14,0.343,0.0,0.651,0.223,0.856,0.84,0.939,0.113
17,15,0.878,0.536,0.745,0.616,0.387,0.226,0.302,0.537
17,16,0.182,0.706,0.711,0.637,0.558,0.169,0.21,0.488
17,17,0.431,0.597,0.638,0.486,0.742,0.604,0.649,0.135
17,18,0.271,0.605,0.562,0.641,0.562,0.629,0.49,0.328
17,19,0.905,0.629,0.574,0.28,0.215,0.75,0.553,0.502
17,20,0.172,0.107,0.274,0.649,0.831,0.523,0.435,0.219
17,21,0.423,0.303,0.72,0.733,0.748,0.601,0.509,0.082
17,22,0.808,0.0,0.847,0.167,0.077,0.967,0.785,0.148
17,23,0.229,0.913,0.063,0.382,0.826,0.956,0.87,0.129
17,24,0.888,0.284,0.797,0.289,0.429,0.821,0.801,0.098
17,25,0.89,0.74,0.833,0.186,0.083,0.879,0.745,0.72
17,26,0.741,0.043,0.218,0.356,0.83,0.76,0.76,0.061
17,27,0.234,0.782,0.6,0.565,0.793,0.775,0.518,0.113
17,28,0.948,0.723,0.306,0.063,0.12,0.876,0.855,0.873
17,29,0.888,0.492,0.355,0.096,0.257,0.926,0.9,0.107
17,30,0.496,0.046,0.387,0.729,0.629,0.438,0.292,0.157
17,31,0.109,0.876,0.568,0.43,0.779,0.676,0.805,0.581
17,32,0.766,0.0,0.949,0.093,0.143,0.86,0.8,0.594
17,33,0.352,0.216,0.538,0.378,0.64,0.356,0.586,0.334
17,34,0.796,0.466,0.333,0.385,0.622,0.815,0.613,0.147
17,35,0.095,0.089,0.343,0.789,0.753,0.313,0.375,0.21
17,36,0.0,0.0,0.0,0.958,0.87,0.601,0.012,0.137
17,37,0.329,0.495,0.184,0.686,0.824,0.708,0.573,0.079
17,38,0.021,0.0,0.0,0.24,0.297,0.984,0.957,0.018
17,39,0.451,0.926,0.656,0.542,0.528,0.762,0.599,0.068
17,40,0.663,0.845,0.004,0.604,0.542,0.778,0.753,0.262
17,41,0.517,0.53,0.387,0.408,0.083,0.971,0.876,0.656
17,42,0.854,0.885,0.741,0.228,0.179,0.878,0.741,0.719
17,43,0.537,0.183,0.405,0.249,0.839,0.604,0.819,0.061
17,44,0.164,0.421,0.298,0.636,0.96,0.204,0.493,0.14
17,45,0.697,0.0,0.533,0.568,0.266,0.637,0.489,0.35
17,46,0.712,0.231,0.486,0.727,0.305,0.791,0.676,0.327
17,47,0.582,0.0,0.441,0.284,0.929,0.828,0.905,0.139
17,48,0.69,0.087,0.876,0.317,0.252,0.821,0.748,0.319
17,49,0.124,0.0,0.432,0.332,0.625,0.506,0.481,0.064
18,0,0.235,0.0,0.669,0.62,0.421,0.711,0.698,0.116
18,1,0.178,0.159,0.566,0.311,0.399,0.934,0.866,0.048
18,2,0.187,0.349,0.308,0.57,0.549,0.732,0.455,0.241
18,3,0.215,0.481,0.504,0.603,0.538,0.68,0.309,0.348
18,4,0.712,0.0,0.863,0.274,0.26,0.604,0.633,0.432
18,5,0.094,0.0,0.119,0.324,0.456,0.839,0.647,0.432
18,6,0.128,0.0,0.389,0.598,0.585,0.542,0.459,0.211
18,7,0.414,0.069,0.574,0.63,0.67,0.504,0.633,0.187
18,8,0.79,0.332,0.891,0.276,0.344,0.762,0.839,0.34
18,9,0.628,0.0,0.023,0.373,0.578,0.84,0.824,0.069
18,10,0.139,0.368,0.063,0.286,0.59,0.713,0.854,0.033
18,11,0.349,0.214,0.798,0.717,0.486,0.492,0.402,0.519
18,12,0.437,0.036,0.802,0.239,0.223,0.912,0.709,0.341
18,13,0.341,0.375,0.668,0.569,0.625,0.699,0.596,0.219
18,14,0.0,0.0,0.0,0.913,0.764,0.087,0.028,0.454
18,15,0.338,0.0,0.678,0.556,0.517,0.845,0.651,0.332
18,16,0.561,0.293,0.905,0.252,0.576,0.895,0.88,0.037
18,17,0.628,0.746,0.838,0.33,0.158,0.792,0.816,0.533
18,18,0.342,0.802,0.552,0.296,0.177,0.923,0.756,0.181
18,19,0.765,0.0,0.862,0.087,0.595,0.875,0.943,0.23
18,20,0.341,0.375,0.668,0.569,0.625,0.699,0.596,0.219
18,21,0.225,0.0,0.652,0.605,0.766,0.571,0.591,0.051
18,22,0.526,0.851,0.097,0.562,0.688,0.639,0.44,0.151
18,23,0.868,0.403,0.073,0.915,0.643,0.707,0.496,0.211
18,24,0.0,0.0,0.0,0.922,0.835,0.134,0.032,0.248
18,25,0.487,0.143,0.879,0.559,0.692,0.556,0.692,0.109
18,26,0.328,0.577,0.28,0.6,0.771,0.436,0.702,0.283
18,27,0.383,0.415,0.71,0.554,0.66,0.626,0.6,0.327
18,28,0.0,0.692,0.0,0.247,0.98,0.808,0.875,0.013
18,29,0.445,0.827,0.838,0.292,0.303,0.861,0.767,0.07
18,30,0.494,0.401,0.694,0.173,0.41,0.889,0.871,0.115
18,31,0.047,0.126,0.0,0.781,0.883,0.161,0.152,0.219
18,32,0.129,0.0,0.848,0.372,0.801,0.917,0.864,0.03
18,33,0.0,0.0,0.0,0.915,0.549,0.088,0.024,0.51
18,34,0.077,0.412,0.076,0.634,0.583,0.729,0.268,0.106
18,35,0.563,0.013,0.163,0.768,0.822,0.858,0.531,0.067
18,36,0.294,0.634,0.49,0.587,0.509,0.521,0.493,0.557
18,37,0.822,0.898,0.836,0.295,0.115,0.939,0.863,0.633
18,38,0.265,0.906,0.597,0.359,0.664,0.893,0.848,0.02
18,39,0.323,0.487,0.098,0.335,0.324,0.81,0.45,0.211
18,40,0.247,0.079,0.42,0.902,0.892,0.286,0.195,0.236
18,41,0.128,0.655,0.305,0.484,0.342,0.711,0.365,0.316
18,42,0.364,0.038,0.279,0.663,0.633,0.794,0.485,0.052
18,43,0.328,0.0,0.0,0.799,0.515,0.215,0.217,0.714
18,44,0.918,0.983,0.517,0.522,0.04,0.856,0.417,0.905
18,45,0.44,0.608,0.0,0.382,0.415,0.619,0.607,0.227
18,46,0.516,0.814,0.077,0.011,0.463,0.99,0.983,0.747
18,47,0.253,0.096,0.522,0.52,0.386,0.719,0.641,0.527
18,48,0.0,0.0,0.0,0.987,0.694,0.002,0.183,0.384
18,49,0.461,0.676,0.926,0.105,0.305,0.95,0.94,0.162
19,0,0.411,0.0,0.135,0.065,0.094,0.975,0.867,0.059
19,1,0.645,0.951,0.926,0.275,0.417,0.897,0.69,0.228
19,2,0.39,0.628,0.739,0.502,0.408,0.501,0.336,0.483
19,3,0.485,0.502,0.878,0.201,0.162,0.974,0.862,0.213
19,4,0.464,0.0,0.481,0.133,0.436,0.97,0.96,0.139
19,5,0.793,0.546,0.663,0.223,0.529,0.974,0.942,0.024
19,6,0.22,0.239,0.033,0.295,0.804,0.967,0.958,0.025
19,7,0.202,0.61,0.722,0.874,0.788,0.319,0.236,0.437
19,8,0.045,0.43,0.188,0.816,0.891,0.676,0.449,0.063
19,9,0.578,0.466,0.583,0.243,0.341,0.95,0.923,0.076
19,10,0.74,0.143,0.92,0.72,0.323,0.352,0.415,0.471
19,11,0.91,0.154,0.873,0.509,0.304,0.541,0.685,0.313
19,12,0.596,0.0,0.385,0.595,0.543,0.425,0.614,0.31
19,13,0.099,0.0,0.986,0.252,0.54,0.351,0.703,0.444
19,14,0.744,0.0,0.916,0.204,0.307,0.955,0.916,0.234
19,15,0.0,0.0,0.899,0.832,0.994,0.437,0.704,0.003
19,16,0.104,0.018,0.697,0.405,0.568,0.113,0.647,0.252
19,17,0.841,0.0,0.793,0.205,0.363,0.911,0.919,0.277
19,18,0.544,0.0,0.0,0.378,0.751,0.861,0.717,0.082
19,19,0.59,0.382,0.951,0.132,0.503,0.866,0.942,0.06
19,20,0.52,0.389,0.855,0.134,0.041,0.986,0.885,0.366
19,21,0.968,0.969,0.959,0.159,0.023,0.194,0.166,0.967
19,22,0.704,0.893,0.745,0.4,0.348,0.791,0.463,0.348
19,23,0.908,0.0,0.95,0.335,0.334,0.879,0.806,0.16
19,24,0.268,0.42,0.296,0.6,0.827,0.722,0.483,0.026
19,25,0.35,0.0,0.635,0.053,0.219,0.98,0.892,0.154
19,26,0.745,0.335,0.837,0.067,0.052,0.986,0.942,0.123
19,27,0.164,0.582,0.536,0.534,0.564,0.857,0.642,0.206
19,28,0.902,0.0,0.956,0.289,0.492,0.821,0.892,0.139
19,29,0.23,0.618,0.83,0.56,0.341,0.564,0.343,0.561
19,30,0.286,0.318,0.219,0.259,0.545,0.958,0.875,0.124
19,31,0.52,0.192,0.892,0.282,0.198,0.853,0.648,0.151
19,32,0.151,0.397,0.278,0.671,0.602,0.933,0.592,0.04
19,33,0.582,0.788,0.797,0.336,0.466,0.97,0.876,0.043
19,34,0.403,0.0,0.834,0.351,0.55,0.756,0.784,0.216
19,35,0.131,0.816,0.0,0.664,0.805,0.8,0.62,0.132
19,36,0.565,0.0,0.0,0.373,0.452,0.923,0.707,0.088
19,37,0.22,0.358,0.146,0.467,0.785,0.811,0.657,0.027
19,38,0.213,0.517,0.846,0.422,0.544,0.711,0.582,0.139
19,39,0.089,0.237,0.906,0.255,0.203,0.979,0.936,0.045
19,40,0.614,0.03,0.243,0.372,0.65,0.86,0.747,0.11
19,41,0.294,0.837,0.745,0.425,0.281,0.976,0.786,0.281
19,42,0.359,0.0,0.385,0.303,0.353,0.906,0.731,0.216
19,43,0.743,0.0,0.53,0.48,0.33,0.546,0.258,0.148
19,44,0.347,0.0,0.926,0.53,0.83,0.778,0.804,0.034
19,45,0.573,0.0,0.477,0.688,0.592,0.41,0.393,0.321
19,46,0.062,0.0,0.694,0.512,0.793,0.775,0.682,0.058
19,47,0.652,0.157,0.814,0.362,0.375,0.954,0.871,0.065
19,48,0.0,0.0,0.0,0.094,0.957,0.979,0.971,0.002
19,49,0.02,0.345,0.287,0.318,0.783,0.906,0.794,0.063
20,0,0.582,0.38,0.264,0.192,0.809,0.943,0.918,0.013
20,1,0.862,0.0,0.618,0.467,0.232,0.634,0.338,0.479
20,2,0.239,0.595,0.142,0.25,0.532,0.972,0.864,0.158
20,3,0.344,0.629,0.066,0.442,0.589,0.853,0.59,0.307
20,4,0.304,0.0,0.583,0.143,0.296,0.973,0.917,0.055
20,5,0.474,0.635,0.323,0.291,0.574,0.732,0.65,0.303
20,6,0.529,0.0,0.598,0.487,0.317,0.955,0.778,0.373
20,7,0.695,0.187,0.618,0.609,0.446,0.677,0.506,0.28
20,8,0.078,0.0,0.627,0.52,0.686,0.863,0.724,0.062
20,9,0.937,0.0,0.137,0.483,0.471,0.753,0.681,0.207
20,10,0.739,0.0,0.831,0.67,0.597,0.491,0.579,0.368
20,11,0.253,0.199,0.431,0.266,0.307,0.863,0.744,0.215
20,12,0.575,0.0,0.361,0.685,0.47,0.714,0.372,0.371
20,13,0.72,0.0,0.745,0.359,0.527,0.899,0.698,0.199
20,14,0.634,0.0,0.736,0.487,0.58,0.752,0.636,0.356
20,15,0.0,0.868,0.108,0.403,0.271,0.984,0.879,0.124
20,16,0.722,0.852,0.916,0.178,0.055,0.97,0.771,0.384
20,17,0.592,0.479,0.341,0.333,0.429,0.948,0.797,0.099
20,18,0.683,0.453,0.665,0.081,0.114,0.974,0.912,0.208
20,19,0.142,0.528,0.384,0.289,0.267,0.953,0.816,0.13
20,20,0.75,0.038,0.862,0.373,0.161,0.897,0.682,0.646
20,21,0.124,0.0,0.0,0.724,0.865,0.545,0.386,0.067
20,22,0.091,0.583,0.136,0.385,0.689,0.931,0.827,0.102
20,23,0.38,0.236,0.032,0.487,0.679,0.702,0.605,0.127
20,24,0.948,0.487,0.605,0.853,0.468,0.247,0.267,0.562
20,25,0.644,0.936,0.56,0.034,0.409,0.988,0.979,0.019
20,26,0.079,0.416,0.371,0.472,0.625,0.87,0.765,0.274
20,27,0.44,0.2,0.536,0.336,0.204,0.892,0.658,0.322
20,28,0.728,0.821,0.3,0.429,0.768,0.907,0.784,0.129
20,29,0.259,0.405,0.285,0.199,0.804,0.858,0.863,0.118
20,30,0.628,0.502,0.544,0.637,0.603,0.445,0.553,0.323
20,31,0.629,0.785,0.83,0.674,0.477,0.608,0.422,0.527
20,32,0.687,0.0,0.957,0.295,0.213,0.951,0.696,0.17
20,33,0.473,0.61,0.61,0.424,0.141,0.93,0.511,0.81
20,34,0.705,0.604,0.643,0.259,0.452,0.842,0.787,0.66
20,35,0.0,0.0,0.0,0.279,0.694,0.0,0.958,0.384
20,36,0.424,0.0,0.847,0.499,0.901,0.708,0.493,0.04
20,37,0.34,0.237,0.243,0.181,0.424,0.973,0.865,0.162
20,38,0.209,0.508,0.368,0.475,0.756,0.842,0.725,0.269
20,39,0.261,0.0,0.591,0.241,0.533,0.944,0.713,0.072
20,40,0.172,0.0,0.694,0.621,0.365,0.837,0.622,0.047
20,41,0.396,0.563,0.343,0.515,0.334,0.74,0.368,0.607
20,42,0.411,0.0,0.798,0.419,0.358,0.943,0.651,0.182
20,43,0.321,0.0,0.178,0.846,0.585,0.394,0.153,0.27
20,44,0.936,0.97,0.815,0.127,0.119,0.972,0.864,0.436
20,45,0.189,0.0,0.214,0.747,0.616,0.528,0.337,0.376
20,46,0.613,0.052,0.643,0.554,0.579,0.427,0.387,0.487
20,47,0.465,0.0,0.84,0.758,0.32,0.584,0.304,0.592
20,48,0.654,0.0,0.906,0.218,0.212,0.961,0.841,0.26
20,49,0.514,0.596,0.504,0.189,0.252,0.867,0.785,0.324
21,0,0.029,0.789,0.267,0.729,0.968,0.394,0.454,0.105
21,1,0.175,0.624,0.902,0.495,0.799,0.458,0.594,0.238
21,2,0.246,0.022,0.15,0.676,0.818,0.603,0.495,0.061
21,3,0.331,0.315,0.458,0.433,0.51,0.767,0.635,0.288
21,4,0.333,0.0,0.876,0.684,0.623,0.465,0.338,0.248
21,5,0.45,0.539,0.47,0.729,0.757,0.606,0.335,0.091
21,6,0.128,0.0,0.197,0.884,0.909,0.148,0.239,0.175
21,7,0.868,0.352,0.346,0.313,0.337,0.77,0.711,0.228
21,8,0.488,0.16,0.233,0.454,0.837,0.722,0.72,0.043
21,9,0.637,0.733,0.547,0.902,0.626,0.339,0.196,0.209
21,10,0.807,0.0,0.126,0.512,0.36,0.503,0.386,0.494
21,11,0.496,0.249,0.036,0.697,0.781,0.548,0.343,0.116
21,12,0.252,0.0,0.216,0.485,0.738,0.744,0.522,0.034
21,13,0.287,0.1,0.262,0.598,0.92,0.575,0.487,0.055
21,14,0.302,0.394,0.505,0.72,0.831,0.433,0.44,0.187
21,15,0.228,0.251,0.339,0.403,0.642,0.666,0.599,0.119
21,16,0.473,0.0,0.268,0.366,0.783,0.868,0.844,0.043
21,17,0.266,0.416,0.003,0.464,0.769,0.787,0.617,0.115
21,18,0.415,0.584,0.137,0.503,0.751,0.758,0.558,0.134
21,19,0.771,0.862,0.17,0.093,0.329,0.988,0.96,0.139
21,20,0.47,0.263,0.266,0.38,0.821,0.718,0.523,0.116
21,21,0.195,0.641,0.272,0.495,0.761,0.618,0.468,0.092
21,22,0.544,0.0,0.41,0.628,0.58,0.325,0.337,0.207
21,23,0.415,0.443,0.558,0.747,0.901,0.204,0.416,0.11
21,24,0.045,0.0,0.041,0.895,0.918,0.111,0.169,0.248
21,25,0.294,0.0,0.224,0.573,0.77,0.673,0.508,0.054
21,26,0.486,0.0,0.167,0.276,0.767,0.687,0.636,0.015
21,27,0.242,0.266,0.536,0.659,0.815,0.556,0.708,0.201
21,28,0.211,0.512,0.371,0.405,0.761,0.687,0.54,0.093
21,29,0.528,0.678,0.539,0.252,0.587,0.828,0.809,0.298
21,30,0.592,0.0,0.249,0.354,0.849,0.662,0.715,0.051
21,31,0.466,0.0,0.543,0.564,0.685,0.6,0.542,0.1
21,32,0.329,0.313,0.505,0.545,0.525,0.62,0.328,0.471
21,33,0.301,0.181,0.401,0.328,0.895,0.796,0.825,0.028
21,34,0.955,0.777,0.022,0.444,0.366,0.606,0.616,0.555
21,35,0.482,0.072,0.047,0.472,0.734,0.58,0.666,0.181
21,36,0.279,0.096,0.357,0.67,0.797,0.593,0.503,0.065
21,37,0.325,0.094,0.646,0.735,0.677,0.308,0.271,0.454
21,38,0.136,0.0,0.649,0.81,0.799,0.231,0.202,0.263
21,39,0.173,0.354,0.244,0.337,0.879,0.775,0.728,0.053
21,40,0.457,0.622,0.26,0.651,0.743,0.566,0.39,0.224
21,41,0.628,0.618,0.0,0.88,0.969,0.407,0.474,0.09
21,42,0.239,0.0,0.264,0.245,0.826,0.954,0.88,0.051
21,43,0.229,0.657,0.341,0.365,0.508,0.705,0.571,0.243
21,44,0.34,0.0,0.508,0.742,0.872,0.179,0.285,0.232
21,45,0.501,0.609,0.149,0.499,0.744,0.805,0.755,0.087
21,46,0.483,0.0,0.166,0.691,0.688,0.145,0.401,0.381
21,47,0.628,0.407,0.011,0.703,0.605,0.488,0.397,0.178
21,48,0.245,0.47,0.015,0.565,0.978,0.585,0.745,0.034
21,49,0.452,0.079,0.522,0.54,0.787,0.495,0.667,0.172
22,0,0.364,0.502,0.258,0.831,0.657,0.362,0.169,0.234
22,1,0.39,0.733,0.826,0.157,0.496,0.97,0.803,0.197
22,2,0.886,0.892,0.956,0.148,0.038,0.978,0.824,0.431
22,3,0.965,0.978,0.184,0.377,0.461,0.81,0.646,0.693
22,4,0.66,0.0,0.647,0.077,0.037,0.989,0.865,0.072
22,5,0.551,0.789,0.267,0.653,0.757,0.458,0.572,0.213
22,6,0.515,0.529,0.316,0.449,0.499,0.634,0.463,0.365
22,7,0.0,0.0,0.17,0.465,0.941,0.856,0.882,0.103
22,8,0.968,0.0,0.486,0.214,0.42,0.893,0.708,0.218
22,9,0.414,0.845,0.334,0.454,0.455,0.75,0.492,0.297
22,10,0.988,0.0,0.91,0.456,0.126,0.725,0.446,0.335
22,11,0.215,0.0,0.0,0.782,0.734,0.73,0.298,0.065
22,12,0.933,0.0,0.691,0.41,0.195,0.928,0.584,0.114
22,13,0.205,0.0,0.232,0.183,0.934,0.954,0.941,0.045
22,14,0.494,0.802,0.851,0.473,0.43,0.834,0.584,0.185
22,15,0.74,0.0,0.898,0.372,0.514,0.562,0.538,0.134
22,16,0.317,0.0,0.77,0.749,0.285,0.645,0.172,0.379
22,17,0.321,0.115,0.525,0.476,0.641,0.816,0.67,0.286
22,18,0.0,0.0,0.0,0.778,0.654,0.59,0.181,0.107
22,19,0.08,0.0,0.296,0.397,0.619,0.69,0.484,0.315
22,20,0.0,0.72,0.0,0.02,0.609,0.992,0.985,0.055
22,21,0.421,0.491,0.352,0.421,0.634,0.534,0.601,0.496
22,22,0.762,0.0,0.928,0.225,0.137,0.888,0.7,0.232
22,23,0.474,0.495,0.611,0.372,0.52,0.912,0.749,0.096
22,24,0.162,0.669,0.35,0.755,0.781,0.719,0.584,0.066
22,25,0.565,0.133,0.806,0.427,0.487,0.855,0.629,0.052
22,26,0.964,0.0,0.938,0.268,0.074,0.956,0.842,0.484
22,27,0.739,0.077,0.737,0.478,0.381,0.635,0.363,0.469
22,28,0.868,0.806,0.815,0.542,0.353,0.844,0.77,0.229
22,29,0.23,0.0,0.661,0.5,0.748,0.324,0.262,0.302
22,30,0.514,0.33,0.833,0.478,0.51,0.653,0.513,0.157
22,31,0.0,0.0,0.0,0.568,0.755,0.652,0.068,0.191
22,32,0.769,0.944,0.822,0.142,0.498,0.938,0.938,0.265
22,33,0.0,0.885,0.122,0.58,0.859,0.786,0.384,0.047
22,34,0.593,0.159,0.717,0.475,0.531,0.647,0.457,0.242
22,35,0.103,0.949,0.0,0.219,0.85,0.975,0.95,0.013
22,36,0.184,0.952,0.412,0.212,0.259,0.943,0.836,0.289
22,37,0.4,0.57,0.13,0.131,0.744,0.935,0.849,0.057
22,38,0.906,0.72,0.399,0.204,0.614,0.914,0.749,0.119
22,39,0.963,0.484,0.219,0.13,0.307,0.924,0.803,0.084
22,40,0.814,0.407,0.819,0.53,0.31,0.684,0.286,0.202
22,41,0.0,0.907,0.454,0.194,0.875,0.95,0.91,0.028
22,42,0.223,0.933,0.191,0.746,0.756,0.598,0.408,0.054
22,43,0.729,0.487,0.605,0.455,0.434,0.824,0.681,0.21
22,44,0.85,0.0,0.926,0.155,0.174,0.857,0.905,0.263
22,45,0.45,0.0,0.905,0.189,0.213,0.878,0.7,0.305
22,46,0.43,0.236,0.748,0.31,0.15,0.727,0.413,0.777
22,47,0.309,0.654,0.762,0.367,0.742,0.936,0.912,0.075
22,48,0.815,0.0,0.916,0.408,0.322,0.81,0.543,0.127
22,49,0.748,0.0,0.298,0.223,0.245,0.983,0.888,0.047
